{"placements":[{"x":1206.3827809572438,"y":3246.992496117359},{"x":1092.503740592838,"y":2434.781228170695},{"x":1092.4597039292241,"y":2878.026657885019}],"volumes":[1.0,1.0,1.0],"problem_id":55,"elapsed_time":0.000014511,"score":358413}