{"problem_id":55,"musicians":[{"placement":{"x":1141.8516353555788,"y":2608.654596762701},"volume":1.0,"instrument":0,"score":0},{"placement":{"x":1183.814925360311,"y":2943.354837596143},"volume":1.0,"instrument":1,"score":0},{"placement":{"x":1160.4032936326876,"y":2492.359633516333},"volume":1.0,"instrument":2,"score":0}],"elapsed_time":0.000024104,"score":295857}