{"problem_id":55,"musicians":[{"placement":{"x":1188.906947489459,"y":2443.78807107107},"volume":1.0,"instrument":0,"score":113492},{"placement":{"x":1209.5442646573738,"y":2601.6421565212686},"volume":1.0,"instrument":1,"score":116511},{"placement":{"x":1237.80463996815,"y":2427.4825322870515},"volume":1.0,"instrument":2,"score":107084}],"elapsed_time":0.000015653,"score":337087}