{"problem_id":51,"musicians":[{"placement":{"x":1448.551670360384,"y":1380.870536775223},"volume":1.0,"instrument":0,"score":89435},{"placement":{"x":1254.6146921363925,"y":1505.477603590893},"volume":1.0,"instrument":1,"score":186510}],"elapsed_time":6.659e-6,"score":275945}