{"placements":[{"x":552.1750468592626,"y":1503.7278544247297},{"x":656.7371403697836,"y":1537.6030930378124}],"volumes":[1.0,1.0],"problem_id":51,"elapsed_time":6.934e-6,"score":184303}