{"problem_id":55,"musicians":[{"placement":{"x":1119.546331815396,"y":3079.590292761713},"volume":1.0,"instrument":0,"score":103572},{"placement":{"x":1091.9126622637411,"y":3227.980478330298},"volume":1.0,"instrument":1,"score":91299},{"placement":{"x":1202.7808964543847,"y":2873.9626492709144},"volume":1.0,"instrument":2,"score":103402}],"elapsed_time":0.000010605,"score":298273}