{"problem_id":51,"musicians":[{"placement":{"x":1726.1150186786383,"y":1173.8824939219044},"volume":1.0,"q":1.0,"instrument":0,"score":1587759},{"placement":{"x":1740.6955623515921,"y":1172.131820668718},"volume":1.0,"q":1.0,"instrument":1,"score":1584088}],"elapsed_time":10.000012513,"num_iterations":542418,"score":3171847}