{"problem_id":51,"musicians":[{"placement":{"x":1740.6955623515921,"y":1172.131820668718},"volume":1.0,"q":1.0,"instrument":0,"score":2888437},{"placement":{"x":449.93777107943777,"y":1537.6662417778039},"volume":1.0,"q":1.0,"instrument":1,"score":136534}],"elapsed_time":10.000007162,"num_iterations":710976,"score":3024971}