{"problem_id":51,"musicians":[{"placement":{"x":1737.4172686482877,"y":1172.4741714335828},"volume":1.0,"q":1.0,"instrument":0,"score":2778286},{"placement":{"x":449.93777107943777,"y":1537.6662417778039},"volume":1.0,"q":1.0,"instrument":1,"score":136534}],"elapsed_time":5.000009055,"num_iterations":398176,"score":2914820}