{"problem_id":51,"musicians":[{"placement":{"x":1748.0830349627527,"y":1172.3727227365616},"volume":10.0,"q":1.0,"instrument":0,"score":21857870},{"placement":{"x":1736.0052000944675,"y":1172.1113229237926},"volume":10.0,"q":1.0,"instrument":1,"score":15312340}],"elapsed_time":10.000016006,"num_iterations":1037146,"score":37170210}