{"problem_id":51,"musicians":[{"placement":{"x":711.3709144782397,"y":1471.7335946466555},"volume":1.0,"instrument":0,"score":76948},{"placement":{"x":449.93777107943777,"y":1537.6662417778039},"volume":1.0,"instrument":1,"score":135805}],"elapsed_time":7.99e-6,"score":212753}