{"problem_id":55,"musicians":[{"placement":{"x":1263.9214202418898,"y":3233.559603720606},"volume":1.0,"q":1.0,"instrument":0,"score":371541},{"placement":{"x":1091.9126622637411,"y":3227.980478330298},"volume":1.0,"q":1.0,"instrument":1,"score":89851},{"placement":{"x":1202.7808964543847,"y":2873.9626492709144},"volume":1.0,"q":1.0,"instrument":2,"score":104075}],"elapsed_time":10.000013928,"num_iterations":476116,"score":565467}