{"problem_id":55,"musicians":[{"placement":{"x":1261.5375536556958,"y":3225.791097321402},"volume":10.0,"q":1.0,"instrument":0,"score":3288450},{"placement":{"x":1263.9919188399215,"y":2488.5216165803376},"volume":10.0,"q":1.0,"instrument":1,"score":2606670},{"placement":{"x":1263.6151626935393,"y":3236.7664203652785},"volume":10.0,"q":1.0,"instrument":2,"score":2510080}],"elapsed_time":10.000046397,"num_iterations":842790,"score":8405200}