{"problem_id":51,"musicians":[{"placement":{"x":1082.8356894214426,"y":1389.9697514261595},"volume":1.0,"instrument":0,"score":0},{"placement":{"x":1776.200470322919,"y":1391.448385145242},"volume":1.0,"instrument":1,"score":0}],"elapsed_time":6.702e-6,"score":179712}