{"problem_id":55,"musicians":[{"placement":{"x":1259.5825025236543,"y":3211.1163409764767},"volume":1.0,"q":1.0,"instrument":0,"score":296817},{"placement":{"x":1263.9318723558463,"y":2485.126894104537},"volume":1.0,"q":1.0,"instrument":1,"score":260536},{"placement":{"x":1263.7230801780747,"y":3231.9549864586947},"volume":1.0,"q":1.0,"instrument":2,"score":265302}],"elapsed_time":10.000010911,"num_iterations":397048,"score":822655}